"","Species","colony_id","Light_Value.x","Run","micromol.cm2.s","micromol.cm2.h"
"1","Montipora capitata","MCAP-A1","0",4,-0.0133839474660137,-48.1822108776492
"2","Montipora capitata","MCAP-A1","1048",4,0.0290941650111317,104.738994040074
"3","Montipora capitata","MCAP-A1","1192",4,0.027557894454565,99.2084200364338
"4","Montipora capitata","MCAP-A1","121",4,0.0130667018444761,47.0401266401139
"5","Montipora capitata","MCAP-A1","1378",4,0.0232622530430083,83.7441109548298
"6","Montipora capitata","MCAP-A1","315",4,0.0263948740419136,95.0215465508889
"7","Montipora capitata","MCAP-A1","34",4,-0.00226972098020608,-8.1709955287419
"8","Montipora capitata","MCAP-A1","492",4,0.030006494912913,108.023381686487
"9","Montipora capitata","MCAP-A1","638",4,0.0328239334976385,118.166160591499
"10","Montipora capitata","MCAP-A1","948",4,0.026347751187754,94.8519042759144
"11","Montipora capitata","MCAP-A2","0",2,0.00916512720116158,32.9944579241817
"12","Montipora capitata","MCAP-A2","1048",2,0.0723517400621285,260.466264223663
"13","Montipora capitata","MCAP-A2","1192",2,0.0663080858978684,238.709109232326
"14","Montipora capitata","MCAP-A2","121",2,0.0135351889814495,48.7266803332183
"15","Montipora capitata","MCAP-A2","1378",2,0.0578475751009221,208.251270363319
"16","Montipora capitata","MCAP-A2","315",2,0.0580340816245988,208.922693848556
"17","Montipora capitata","MCAP-A2","34",2,-0.00995325378465504,-35.8317136247581
"18","Montipora capitata","MCAP-A2","492",2,0.0762122826675259,274.364217603093
"19","Montipora capitata","MCAP-A2","638",2,0.0772266932305018,278.016095629806
"20","Montipora capitata","MCAP-A2","948",2,0.0773147274494679,278.333018818085
"21","Montipora capitata","MCAP-B1","0",1,-0.0186388706301286,-67.0999342684629
"22","Montipora capitata","MCAP-B1","1048",1,0.0346835516194138,124.86078582989
"23","Montipora capitata","MCAP-B1","1192",1,0.0360122144220772,129.643971919478
"24","Montipora capitata","MCAP-B1","121",1,-0.000207971787343859,-0.748698434437892
"25","Montipora capitata","MCAP-B1","1378",1,0.0348902302509868,125.604828903553
"26","Montipora capitata","MCAP-B1","1409",1,0.0371350058922537,133.686021212113
"27","Montipora capitata","MCAP-B1","315",1,0.0213008812645387,76.6831725523392
"28","Montipora capitata","MCAP-B1","34",1,-0.0108234383273293,-38.9643779783855
"29","Montipora capitata","MCAP-B1","492",1,0.0293142959736878,105.531465505276
"30","Montipora capitata","MCAP-B1","638",1,0.0341521636250008,122.947789050003
"31","Montipora capitata","MCAP-B1","948",1,0.0363888460069138,130.99984562489
"32","Montipora capitata","MCAP-B2","0",2,0.0165220630332618,59.4794269197423
"33","Montipora capitata","MCAP-B2","1048",2,0.0783987619591241,282.235543052847
"34","Montipora capitata","MCAP-B2","1192",2,0.0777543724156539,279.915740696354
"35","Montipora capitata","MCAP-B2","121",2,0.0108500363562954,39.0601308826636
"36","Montipora capitata","MCAP-B2","1378",2,0.0780036941485462,280.813298934766
"37","Montipora capitata","MCAP-B2","315",2,0.0363116538243295,130.721953767586
"38","Montipora capitata","MCAP-B2","34",2,-0.0011866192668699,-4.27182936073165
"39","Montipora capitata","MCAP-B2","492",2,0.076559253707852,275.613313348267
"40","Montipora capitata","MCAP-B2","638",2,0.0842784764817351,303.402515334246
"41","Montipora capitata","MCAP-B2","948",2,0.0833018155720746,299.886536059469
"42","Montipora capitata","MCAP-C1","0",4,0.0186766155785832,67.2358160828996
"43","Montipora capitata","MCAP-C1","1048",4,0.0362350379849006,130.446136745642
"44","Montipora capitata","MCAP-C1","1192",4,0.0417056548982664,150.140357633759
"45","Montipora capitata","MCAP-C1","121",4,0.0181881577063521,65.4773677428677
"46","Montipora capitata","MCAP-C1","1378",4,0.0318674591621711,114.722852983816
"47","Montipora capitata","MCAP-C1","315",4,0.0305885019347274,110.118606965019
"48","Montipora capitata","MCAP-C1","34",4,-0.00198712802928169,-7.15366090541409
"49","Montipora capitata","MCAP-C1","492",4,0.0456907318297673,164.486634587162
"50","Montipora capitata","MCAP-C1","638",4,0.0242744086583274,87.3878711699785
"51","Montipora capitata","MCAP-C1","948",4,0.0421643644136094,151.791711888994
"52","Montipora capitata","MCAP-C2","0",2,0.0107938415262278,38.8578294944201
"53","Montipora capitata","MCAP-C2","1048",2,0.0836790525281203,301.244589101233
"54","Montipora capitata","MCAP-C2","1192",2,0.0790139951797862,284.45038264723
"55","Montipora capitata","MCAP-C2","121",2,-6.90071271015607e-05,-0.248425657565618
"56","Montipora capitata","MCAP-C2","1378",2,0.0700037126670601,252.013365601416
"57","Montipora capitata","MCAP-C2","315",2,0.0444772482339326,160.118093642157
"58","Montipora capitata","MCAP-C2","34",2,-0.0100721501272376,-36.2597404580555
"59","Montipora capitata","MCAP-C2","492",2,0.0686224891695562,247.040961010402
"60","Montipora capitata","MCAP-C2","638",2,0.0809321279110129,291.355660479646
"61","Montipora capitata","MCAP-C2","948",2,0.0855936765463501,308.13723556686
"62","Montipora capitata","MCAP-D1","0",1,-0.0244108635451029,-87.8791087623704
"63","Montipora capitata","MCAP-D1","1048",1,0.0577861859830996,208.030269539159
"64","Montipora capitata","MCAP-D1","1192",1,0.06202616078223,223.294178816028
"65","Montipora capitata","MCAP-D1","121",1,0.0102049399386109,36.7377837789993
"66","Montipora capitata","MCAP-D1","1378",1,0.0611949695639588,220.301890430252
"67","Montipora capitata","MCAP-D1","1409",1,0.0677045883098432,243.736517915436
"68","Montipora capitata","MCAP-D1","315",1,0.0428163385786163,154.138818883019
"69","Montipora capitata","MCAP-D1","34",1,-0.010545127376071,-37.9624585538556
"70","Montipora capitata","MCAP-D1","492",1,0.0537354210126337,193.447515645481
"71","Montipora capitata","MCAP-D1","638",1,0.0587513822268426,211.504976016633
"72","Montipora capitata","MCAP-D1","948",1,0.0621609579613747,223.779448660949
"73","Montipora capitata","MCAP-D2","0",2,0.0015398568554961,5.54348467978597
"74","Montipora capitata","MCAP-D2","1048",2,0.104201928970853,375.126944295071
"75","Montipora capitata","MCAP-D2","1192",2,0.0991034711407302,356.772496106629
"76","Montipora capitata","MCAP-D2","121",2,-0.00199022026655985,-7.16479295961546
"77","Montipora capitata","MCAP-D2","1378",2,0.0941391498711844,338.900939536264
"78","Montipora capitata","MCAP-D2","315",2,0.037616079953757,135.417887833525
"79","Montipora capitata","MCAP-D2","34",2,-0.0137670563861558,-49.5614029901608
"80","Montipora capitata","MCAP-D2","492",2,0.0769615068062429,277.061424502474
"81","Montipora capitata","MCAP-D2","638",2,0.0960014852532938,345.605346911858
"82","Montipora capitata","MCAP-D2","948",2,0.105068645031891,378.247122114808
"83","Montipora capitata","MCAP-E1","0",1,-0.0371709945447718,-133.815580361178
"84","Montipora capitata","MCAP-E1","1048",1,0.10422555634577,375.212002844773
"85","Montipora capitata","MCAP-E1","1192",1,0.10122817501321,364.421430047556
"86","Montipora capitata","MCAP-E1","121",1,0.00557374573773358,20.0654846558409
"87","Montipora capitata","MCAP-E1","1378",1,0.104581227401983,376.492418647138
"88","Montipora capitata","MCAP-E1","1409",1,0.107848339225592,388.254021212133
"89","Montipora capitata","MCAP-E1","315",1,0.0460397823634395,165.743216508382
"90","Montipora capitata","MCAP-E1","34",1,-0.0202648937698212,-72.9536175713564
"91","Montipora capitata","MCAP-E1","492",1,0.0754491928397854,271.617094223227
"92","Montipora capitata","MCAP-E1","638",1,0.0836652945867911,301.195060512448
"93","Montipora capitata","MCAP-E1","948",1,0.100904294007254,363.255458426116
"94","Montipora capitata","MCAP-E2","0",3,-0.0704389983334329,-253.580394000358
"95","Montipora capitata","MCAP-E2","1048",3,0.129888597833389,467.598952200199
"96","Montipora capitata","MCAP-E2","1192",3,0.11669534933873,420.10325761943
"97","Montipora capitata","MCAP-E2","121",3,-0.00302729117727854,-10.8982482382027
"98","Montipora capitata","MCAP-E2","1378",3,0.107192550470375,385.893181693351
"99","Montipora capitata","MCAP-E2","315",3,0.0678460640807374,244.245830690655
"100","Montipora capitata","MCAP-E2","34",3,-0.0531682551417463,-191.405718510287
"101","Montipora capitata","MCAP-E2","492",3,0.11182152591522,402.557493294793
"102","Montipora capitata","MCAP-E2","638",3,0.115111299291106,414.400677447981
"103","Montipora capitata","MCAP-E2","948",3,0.153787038194289,553.63333749944
"104","Montipora capitata","MCAP-F1","0",1,-0.0262138696475292,-94.3699307311051
"105","Montipora capitata","MCAP-F1","1048",1,0.0903597211140361,325.29499601053
"106","Montipora capitata","MCAP-F1","1192",1,0.0861941116651848,310.298801994665
"107","Montipora capitata","MCAP-F1","121",1,0.017006162468257,61.2221848857252
"108","Montipora capitata","MCAP-F1","1378",1,0.0843834143274438,303.780291578798
"109","Montipora capitata","MCAP-F1","1409",1,0.083409005892259,300.272421212133
"110","Montipora capitata","MCAP-F1","315",1,0.0501325571422681,180.477205712165
"111","Montipora capitata","MCAP-F1","34",1,-0.00985754817475894,-35.4871734291322
"112","Montipora capitata","MCAP-F1","492",1,0.0794635223299451,286.068680387802
"113","Montipora capitata","MCAP-F1","638",1,0.0877725209878341,315.981075556203
"114","Montipora capitata","MCAP-F1","948",1,0.0920838984262685,331.502034334567
"115","Montipora capitata","MCAP-F2","0",3,-0.0941502907310948,-338.941046631941
"116","Montipora capitata","MCAP-F2","1048",3,0.0916066030692857,329.783771049428
"117","Montipora capitata","MCAP-F2","1192",3,0.093111493783181,335.201377619451
"118","Montipora capitata","MCAP-F2","121",3,-0.00630327767266778,-22.691799621604
"119","Montipora capitata","MCAP-F2","1378",3,0.0826278608152125,297.460298934765
"120","Montipora capitata","MCAP-F2","315",3,0.0585881401041326,210.917304374877
"121","Montipora capitata","MCAP-F2","34",3,-0.0442024374894146,-159.128774961892
"122","Montipora capitata","MCAP-F2","492",3,0.0917869191861647,330.432909070193
"123","Montipora capitata","MCAP-F2","638",3,0.0960743673631337,345.867722507281
"124","Montipora capitata","MCAP-F2","948",3,0.100990464991523,363.565673969482
"125","Montipora capitata","MCAP-G1","0",1,-0.0151190005244046,-54.4284018878566
"126","Montipora capitata","MCAP-G1","1048",1,0.0315317950056589,113.514462020372
"127","Montipora capitata","MCAP-G1","1192",1,0.0272646388163947,98.152699739021
"128","Montipora capitata","MCAP-G1","121",1,0.00301861658080971,10.867019690915
"129","Montipora capitata","MCAP-G1","1378",1,0.0285635625258639,102.82882509311
"130","Montipora capitata","MCAP-G1","1409",1,0.0344984744237235,124.194507925404
"131","Montipora capitata","MCAP-G1","315",1,0.019808262336625,71.30974441185
"132","Montipora capitata","MCAP-G1","34",1,-0.00953704124250351,-34.3333484730126
"133","Montipora capitata","MCAP-G1","492",1,0.0285322303550328,102.716029278118
"134","Montipora capitata","MCAP-G1","638",1,0.0259552018331676,93.4387265994034
"135","Montipora capitata","MCAP-G1","948",1,0.0278488122600141,100.255724136051
"136","Montipora capitata","MCAP-G2","0",2,-0.00219615106821639,-7.906143845579
"137","Montipora capitata","MCAP-G2","1048",2,0.0625629743460138,225.22670764565
"138","Montipora capitata","MCAP-G2","1192",2,0.0603052575890853,217.098927320707
"139","Montipora capitata","MCAP-G2","121",2,0.00430302292528183,15.4908825310146
"140","Montipora capitata","MCAP-G2","1378",2,0.0572404322437776,206.065556077599
"141","Montipora capitata","MCAP-G2","315",2,0.0295092294942742,106.233226179387
"142","Montipora capitata","MCAP-G2","34",2,-0.00564606827982227,-20.3258458073602
"143","Montipora capitata","MCAP-G2","492",2,0.0558763467194172,201.154848189902
"144","Montipora capitata","MCAP-G2","638",2,0.0645645051963152,232.432218706735
"145","Montipora capitata","MCAP-G2","948",2,0.0635243928951345,228.687814422484
"146","Montipora capitata","MCAP-H1","0",1,-0.0145839237076386,-52.5021253474988
"147","Montipora capitata","MCAP-H1","1048",1,0.0221948701936282,79.9015326970615
"148","Montipora capitata","MCAP-H1","1192",1,0.0210441741635003,75.7590269886009
"149","Montipora capitata","MCAP-H1","121",1,-0.00271690277390866,-9.78084998607118
"150","Montipora capitata","MCAP-H1","1378",1,0.0211195878154631,76.0305161356672
"151","Montipora capitata","MCAP-H1","1409",1,0.0256329063251578,92.278462770568
"152","Montipora capitata","MCAP-H1","315",1,0.00856672476118677,30.8402091402724
"153","Montipora capitata","MCAP-H1","34",1,-0.0116902912998373,-42.0850486794144
"154","Montipora capitata","MCAP-H1","492",1,0.0163735452600332,58.9447629361197
"155","Montipora capitata","MCAP-H1","638",1,0.0179438704890363,64.5979337605308
"156","Montipora capitata","MCAP-H1","948",1,0.0179370415705738,64.5733496540656
"157","Montipora capitata","MCAP-H2","0",2,-0.0136668213432067,-49.2005568355441
"158","Montipora capitata","MCAP-H2","1048",2,0.0967391340729803,348.260882662729
"159","Montipora capitata","MCAP-H2","1192",2,0.0929296460151732,334.546725654623
"160","Montipora capitata","MCAP-H2","121",2,0.00046220652530941,1.66394349111388
"161","Montipora capitata","MCAP-H2","1378",2,0.087291559960514,314.24961585785
"162","Montipora capitata","MCAP-H2","315",2,0.0542317509494273,195.234303417938
"163","Montipora capitata","MCAP-H2","34",2,-0.0240418995702414,-86.5508384528692
"164","Montipora capitata","MCAP-H2","492",2,0.0812812903091605,292.612645112978
"165","Montipora capitata","MCAP-H2","638",2,0.0911113359199111,328.00080931168
"166","Montipora capitata","MCAP-H2","948",2,0.0989647302170713,356.273028781457
"167","Pocillopora acuta","PACT-A1","0",1,-0.0301675584883731,-108.603210558143
"168","Pocillopora acuta","PACT-A1","1048",1,0.06217098986061,223.815563498196
"169","Pocillopora acuta","PACT-A1","1192",1,0.0584871359588733,210.553689451944
"170","Pocillopora acuta","PACT-A1","121",1,0.0278790331642284,100.364519391222
"171","Pocillopora acuta","PACT-A1","1378",1,0.0583727150313141,210.141774112731
"172","Pocillopora acuta","PACT-A1","1409",1,0.054243049848303,195.274979453891
"173","Pocillopora acuta","PACT-A1","315",1,0.0629005681184252,226.442045226331
"174","Pocillopora acuta","PACT-A1","34",1,-0.00858479350188105,-30.9052566067718
"175","Pocillopora acuta","PACT-A1","492",1,0.070192562420286,252.69322471303
"176","Pocillopora acuta","PACT-A1","638",1,0.0674082615608802,242.669741619169
"177","Pocillopora acuta","PACT-A1","948",1,0.0705497488110469,253.979095719769
"178","Pocillopora acuta","PACT-A2","0",2,-0.064198384595391,-231.114184543407
"179","Pocillopora acuta","PACT-A2","1048",2,0.347832910736858,1252.19847865269
"180","Pocillopora acuta","PACT-A2","1192",2,0.32140199987637,1157.04719955493
"181","Pocillopora acuta","PACT-A2","121",2,0.0220092692802361,79.2333694088498
"182","Pocillopora acuta","PACT-A2","1378",2,0.271610829747509,977.798987091033
"183","Pocillopora acuta","PACT-A2","315",2,0.184845320490999,665.443153767597
"184","Pocillopora acuta","PACT-A2","34",2,-0.0573710240927793,-206.535686734006
"185","Pocillopora acuta","PACT-A2","492",2,0.272830345407416,982.189243466698
"186","Pocillopora acuta","PACT-A2","638",2,0.314490824866789,1132.16696952044
"187","Pocillopora acuta","PACT-A2","948",2,0.343800528315279,1237.68190193501
"188","Pocillopora acuta","PACT-B1","0",1,-0.00842961857056699,-30.3466268540411
"189","Pocillopora acuta","PACT-B1","1048",1,0.0134380653942732,48.3770354193835
"190","Pocillopora acuta","PACT-B1","1192",1,0.0157491687099098,56.6970073556752
"191","Pocillopora acuta","PACT-B1","121",1,0.00476908953536879,17.1687223273277
"192","Pocillopora acuta","PACT-B1","1378",1,0.0132617143224691,47.7421715608889
"193","Pocillopora acuta","PACT-B1","1409",1,0.0219527437663518,79.0298775588666
"194","Pocillopora acuta","PACT-B1","315",1,0.0167310208755247,60.231675151889
"195","Pocillopora acuta","PACT-B1","34",1,-0.00433436104743414,-15.6036997707629
"196","Pocillopora acuta","PACT-B1","492",1,0.0167308639209794,60.2311101155258
"197","Pocillopora acuta","PACT-B1","638",1,0.0105223512825225,37.8804646170809
"198","Pocillopora acuta","PACT-B1","948",1,0.0131672591408477,47.4021329070517
"199","Pocillopora acuta","PACT-B2","0",2,0.0173179946314864,62.3447806733512
"200","Pocillopora acuta","PACT-B2","1048",2,0.0870069513060019,313.225024701607
"201","Pocillopora acuta","PACT-B2","1192",2,0.0633668216387599,228.120557899536
"202","Pocillopora acuta","PACT-B2","121",2,0.000775564778491801,2.79203320257049
"203","Pocillopora acuta","PACT-B2","1378",2,0.0876204466737937,315.433608025657
"204","Pocillopora acuta","PACT-B2","315",2,0.0455233268065202,163.883976503473
"205","Pocillopora acuta","PACT-B2","34",2,-0.00813688944581602,-29.2928020049377
"206","Pocillopora acuta","PACT-B2","492",2,0.0749323476831161,269.756451659218
"207","Pocillopora acuta","PACT-B2","638",2,0.0831734885521396,299.424558787703
"208","Pocillopora acuta","PACT-B2","948",2,0.0965022546006788,347.408116562444
"209","Pocillopora acuta","PACT-C1","0",1,0.0354701275865716,127.692459311658
"210","Pocillopora acuta","PACT-C1","1048",1,0.0293112186432948,105.520387115861
"211","Pocillopora acuta","PACT-C1","1192",1,0.0232029960312715,83.5307857125776
"212","Pocillopora acuta","PACT-C1","121",1,0.00596211631440716,21.4636187318658
"213","Pocillopora acuta","PACT-C1","1378",1,0.0245564217831773,88.4031184194384
"214","Pocillopora acuta","PACT-C1","1409",1,-0.00780692267916354,-28.1049216449887
"215","Pocillopora acuta","PACT-C1","315",1,0.0150394609135546,54.1420592887967
"216","Pocillopora acuta","PACT-C1","34",1,-0.05824256503693,-209.673234132948
"217","Pocillopora acuta","PACT-C1","492",1,0.0370053122791269,133.219124204857
"218","Pocillopora acuta","PACT-C1","638",1,0.0192750583975353,69.3902102311271
"219","Pocillopora acuta","PACT-C1","948",1,0.0255666977469422,92.0401118889918
"220","Pocillopora acuta","PACT-C2","0",2,7.90641444751827e-05,0.284630920110658
"221","Pocillopora acuta","PACT-C2","1048",2,0.117704932949256,423.737758617323
"222","Pocillopora acuta","PACT-C2","1192",2,0.110048222481928,396.173600934942
"223","Pocillopora acuta","PACT-C2","121",2,0.0262887885718222,94.63963885856
"224","Pocillopora acuta","PACT-C2","1378",2,0.103624257093258,373.047325535728
"225","Pocillopora acuta","PACT-C2","315",2,0.0972133736278237,349.968145060165
"226","Pocillopora acuta","PACT-C2","34",2,-0.011189817743572,-40.2833438768591
"227","Pocillopora acuta","PACT-C2","492",2,0.118250476102575,425.701713969269
"228","Pocillopora acuta","PACT-C2","638",2,0.12254069070786,441.146486548295
"229","Pocillopora acuta","PACT-C2","948",2,0.125561624065399,452.021846635435
"230","Pocillopora acuta","PACT-D1","0",1,-0.00804244862668995,-28.9528150560838
"231","Pocillopora acuta","PACT-D1","1048",1,-0.00217161158774897,-7.81780171589629
"232","Pocillopora acuta","PACT-D1","1192",1,0.00566507156493442,20.3942576337639
"233","Pocillopora acuta","PACT-D1","121",1,-0.00967427671302744,-34.8273961668988
"234","Pocillopora acuta","PACT-D1","1378",1,0.00469312697112248,16.8952570960409
"235","Pocillopora acuta","PACT-D1","1409",1,0.00484643812668641,17.4471772560711
"236","Pocillopora acuta","PACT-D1","315",1,0.0099238797619432,35.7259671429955
"237","Pocillopora acuta","PACT-D1","34",1,-0.00849345703428857,-30.5764453234389
"238","Pocillopora acuta","PACT-D1","492",1,0.0133208253048406,47.9549710974263
"239","Pocillopora acuta","PACT-D1","638",1,0.00384431852878964,13.8395467036427
"240","Pocillopora acuta","PACT-D1","948",1,-0.00539362306762032,-19.4170430434331
"241","Pocillopora acuta","PACT-D2","0",2,0.0392585660254073,141.330837691466
"242","Pocillopora acuta","PACT-D2","1048",2,0.0238541589554463,85.8749722396066
"243","Pocillopora acuta","PACT-D2","1192",2,0.022993818569499,82.7777468501963
"244","Pocillopora acuta","PACT-D2","121",2,0.0117544740556932,42.3161066004956
"245","Pocillopora acuta","PACT-D2","1378",2,0.0182687557248963,65.7675206096266
"246","Pocillopora acuta","PACT-D2","315",2,0.026240599795026,94.4661592620936
"247","Pocillopora acuta","PACT-D2","34",2,0.0118855064662683,42.787823278566
"248","Pocillopora acuta","PACT-D2","492",2,0.0230511348724385,82.9840855407785
"249","Pocillopora acuta","PACT-D2","638",2,0.0282835147227365,101.820653001851
"250","Pocillopora acuta","PACT-D2","948",2,0.024438165061615,87.9773942218141
"251","Pocillopora acuta","PACT-E1","0",4,-0.0195184630567033,-70.2664670041321
"252","Pocillopora acuta","PACT-E1","0",4,-0.0195184630567033,-70.2664670041321
"253","Pocillopora acuta","PACT-E1","0",4,-0.0195184630567033,-70.2664670041321
"254","Pocillopora acuta","PACT-E1","0",4,-0.0195184630567033,-70.2664670041321
"255","Pocillopora acuta","PACT-E1","1048",4,0.0350021918310524,126.007890591789
"256","Pocillopora acuta","PACT-E1","1048",4,0.0350021918310524,126.007890591789
"257","Pocillopora acuta","PACT-E1","1048",4,0.0350021918310524,126.007890591789
"258","Pocillopora acuta","PACT-E1","1048",4,0.0350021918310524,126.007890591789
"259","Pocillopora acuta","PACT-E1","1192",4,0.0322103548323903,115.957277396605
"260","Pocillopora acuta","PACT-E1","1192",4,0.0322103548323903,115.957277396605
"261","Pocillopora acuta","PACT-E1","1192",4,0.0322103548323903,115.957277396605
"262","Pocillopora acuta","PACT-E1","1192",4,0.0322103548323903,115.957277396605
"263","Pocillopora acuta","PACT-E1","121",4,0.0304536605358885,109.633177929198
"264","Pocillopora acuta","PACT-E1","121",4,0.0304536605358885,109.633177929198
"265","Pocillopora acuta","PACT-E1","121",4,0.0304536605358885,109.633177929198
"266","Pocillopora acuta","PACT-E1","121",4,0.0304536605358885,109.633177929198
"267","Pocillopora acuta","PACT-E1","1378",4,0.0237512092719624,85.5043533790646
"268","Pocillopora acuta","PACT-E1","1378",4,0.0237512092719624,85.5043533790646
"269","Pocillopora acuta","PACT-E1","1378",4,0.0237512092719624,85.5043533790646
"270","Pocillopora acuta","PACT-E1","1378",4,0.0237512092719624,85.5043533790646
"271","Pocillopora acuta","PACT-E1","315",4,0.0481921395567766,173.491702404396
"272","Pocillopora acuta","PACT-E1","315",4,0.0481921395567766,173.491702404396
"273","Pocillopora acuta","PACT-E1","315",4,0.0481921395567766,173.491702404396
"274","Pocillopora acuta","PACT-E1","315",4,0.0481921395567766,173.491702404396
"275","Pocillopora acuta","PACT-E1","34",4,-0.00151370941873493,-5.44935390744574
"276","Pocillopora acuta","PACT-E1","34",4,-0.00151370941873493,-5.44935390744574
"277","Pocillopora acuta","PACT-E1","34",4,-0.00151370941873493,-5.44935390744574
"278","Pocillopora acuta","PACT-E1","34",4,-0.00151370941873493,-5.44935390744574
"279","Pocillopora acuta","PACT-E1","492",4,0.0474108277875526,170.678980035189
"280","Pocillopora acuta","PACT-E1","492",4,0.0474108277875526,170.678980035189
"281","Pocillopora acuta","PACT-E1","492",4,0.0474108277875526,170.678980035189
"282","Pocillopora acuta","PACT-E1","492",4,0.0474108277875526,170.678980035189
"283","Pocillopora acuta","PACT-E1","638",4,0.0454301448283374,163.548521382015
"284","Pocillopora acuta","PACT-E1","638",4,0.0454301448283374,163.548521382015
"285","Pocillopora acuta","PACT-E1","638",4,0.0454301448283374,163.548521382015
"286","Pocillopora acuta","PACT-E1","638",4,0.0454301448283374,163.548521382015
"287","Pocillopora acuta","PACT-E1","948",4,0.036193334066346,130.296002638845
"288","Pocillopora acuta","PACT-E1","948",4,0.036193334066346,130.296002638845
"289","Pocillopora acuta","PACT-E1","948",4,0.036193334066346,130.296002638845
"290","Pocillopora acuta","PACT-E1","948",4,0.036193334066346,130.296002638845
"291","Pocillopora acuta","PACT-E2","0",2,-0.00408616498710717,-14.7101939535858
"292","Pocillopora acuta","PACT-E2","1048",2,0.0796202457410384,286.632884667738
"293","Pocillopora acuta","PACT-E2","1192",2,0.0767956538500089,276.464353860032
"294","Pocillopora acuta","PACT-E2","121",2,0.0104602683465286,37.6569660475029
"295","Pocillopora acuta","PACT-E2","1378",2,0.0685773780565893,246.878561003721
"296","Pocillopora acuta","PACT-E2","315",2,0.0642939554116321,231.458239481876
"297","Pocillopora acuta","PACT-E2","34",2,-0.0153424397620755,-55.2327831434719
"298","Pocillopora acuta","PACT-E2","492",2,0.0786849875522685,283.265955188166
"299","Pocillopora acuta","PACT-E2","638",2,0.0886343981053379,319.083833179217
"300","Pocillopora acuta","PACT-E2","948",2,0.0861106519453921,309.998347003411
"301","Pocillopora acuta","PACT-F2","0",2,0.0174580214207307,62.8488771146306
"302","Pocillopora acuta","PACT-F2","1048",2,0.0624633665499677,224.868119579884
"303","Pocillopora acuta","PACT-F2","1192",2,0.0566707774433049,204.014798795898
"304","Pocillopora acuta","PACT-F2","121",2,0.0106763944695092,38.4350200902331
"305","Pocillopora acuta","PACT-F2","1378",2,0.0485046094246241,174.616593928647
"306","Pocillopora acuta","PACT-F2","315",2,0.047758932034471,171.932155324095
"307","Pocillopora acuta","PACT-F2","34",2,0.00223566665708476,8.04839996550513
"308","Pocillopora acuta","PACT-F2","492",2,0.0616035813485837,221.772892854901
"309","Pocillopora acuta","PACT-F2","638",2,0.0641237758515867,230.845593065712
"310","Pocillopora acuta","PACT-F2","948",2,0.071915313530059,258.895128708212
"311","Pocillopora acuta","PACT-G1","0",1,-0.0168402426338521,-60.6248734818677
"312","Pocillopora acuta","PACT-G1","1048",1,0.0264494087351389,95.2178714465002
"313","Pocillopora acuta","PACT-G1","1192",1,0.0290442099664934,104.559155879376
"314","Pocillopora acuta","PACT-G1","121",1,0.0144445386587343,52.0003391714435
"315","Pocillopora acuta","PACT-G1","1378",1,0.0262114812860305,94.3613326297099
"316","Pocillopora acuta","PACT-G1","1409",1,0.0312535689666089,112.512848279792
"317","Pocillopora acuta","PACT-G1","315",1,0.0343200427557001,123.55215392052
"318","Pocillopora acuta","PACT-G1","34",1,-0.00364552115491686,-13.1238761577007
"319","Pocillopora acuta","PACT-G1","492",1,0.0356735483187285,128.424773947423
"320","Pocillopora acuta","PACT-G1","638",1,0.0348224086153986,125.360671015435
"321","Pocillopora acuta","PACT-G1","948",1,0.0322321612009294,116.035780323346
"322","Pocillopora acuta","PACT-G2","0",3,-0.0636038954094671,-228.974023474082
"323","Pocillopora acuta","PACT-G2","1048",3,0.0373631452429701,134.507322874692
"324","Pocillopora acuta","PACT-G2","1192",3,0.036565413509854,131.635488635474
"325","Pocillopora acuta","PACT-G2","121",3,-0.0143040162730668,-51.4944585830407
"326","Pocillopora acuta","PACT-G2","1378",3,0.0323585274818772,116.490698934758
"327","Pocillopora acuta","PACT-G2","315",3,0.0219309472603628,78.9514101373061
"328","Pocillopora acuta","PACT-G2","34",3,-0.0353138516308293,-127.129865870985
"329","Pocillopora acuta","PACT-G2","492",3,0.029970287840024,107.893036224086
"330","Pocillopora acuta","PACT-G2","638",3,0.0400842294623874,144.303226064595
"331","Pocillopora acuta","PACT-G2","948",3,0.0440307384915645,158.510658569632
"332","Pocillopora acuta","PACT-H1","0",1,-0.0405751736620465,-146.070625183367
"333","Pocillopora acuta","PACT-H1","1048",1,0.102586985550864,369.31314798311
"334","Pocillopora acuta","PACT-H1","1192",1,0.100118342159079,360.426031772684
"335","Pocillopora acuta","PACT-H1","121",1,0.0411992429193839,148.317274509782
"336","Pocillopora acuta","PACT-H1","1378",1,0.09038552144823,325.387877213628
"337","Pocillopora acuta","PACT-H1","1409",1,0.0950820217652693,342.295278354969
"338","Pocillopora acuta","PACT-H1","315",1,0.111456886519629,401.244791470666
"339","Pocillopora acuta","PACT-H1","34",1,-0.0104594404921457,-37.6539857717246
"340","Pocillopora acuta","PACT-H1","492",1,0.115219051897939,414.788586832579
"341","Pocillopora acuta","PACT-H1","638",1,0.117847940963606,424.252587468982
"342","Pocillopora acuta","PACT-H1","948",1,0.110284137225555,397.022894011997
"343","Pocillopora acuta","PACT-H2","0",3,-0.134273355517251,-483.384079862104
"344","Pocillopora acuta","PACT-H2","1048",3,0.0873628172238772,314.506142005958
"345","Pocillopora acuta","PACT-H2","1192",3,0.0922399212378478,332.063716456252
"346","Pocillopora acuta","PACT-H2","121",3,-0.0289579965149707,-104.248787453894
"347","Pocillopora acuta","PACT-H2","1378",3,0.0581621050532545,209.383578191716
"348","Pocillopora acuta","PACT-H2","315",3,0.0296879006820467,106.876442455368
"349","Pocillopora acuta","PACT-H2","34",3,-0.0774156948910174,-278.696501607663
"350","Pocillopora acuta","PACT-H2","492",3,0.0611627821537119,220.186015753363
"351","Pocillopora acuta","PACT-H2","638",3,0.0816529511320963,293.950624075547
"352","Pocillopora acuta","PACT-H2","948",3,0.0940877254098345,338.715811475404
"353","Porites compressa","PCOM-A1","0",1,-0.0335738771981163,-120.865957913219
"354","Porites compressa","PCOM-A1","1048",1,0.0857726577950436,308.781568062157
"355","Porites compressa","PCOM-A1","1192",1,0.0806417777572954,290.310399926264
"356","Porites compressa","PCOM-A1","121",1,0.0241842780071046,87.0634008255766
"357","Porites compressa","PCOM-A1","1378",1,0.0777988992148714,280.076037173537
"358","Porites compressa","PCOM-A1","1409",1,0.0826761080594375,297.633989013975
"359","Porites compressa","PCOM-A1","315",1,0.0664620492817086,239.263377414151
"360","Porites compressa","PCOM-A1","34",1,-0.0074162386235193,-26.6984590446695
"361","Porites compressa","PCOM-A1","492",1,0.0835440145278704,300.758452300333
"362","Porites compressa","PCOM-A1","638",1,0.0837809554563573,301.611439642886
"363","Porites compressa","PCOM-A1","948",1,0.0891095814907844,320.794493366824
"364","Porites compressa","PCOM-A2","0",2,-0.0197783673987774,-71.2021226355986
"365","Porites compressa","PCOM-A2","1048",2,0.196310634130311,706.718282869121
"366","Porites compressa","PCOM-A2","1192",2,0.199275481097497,717.391731950989
"367","Porites compressa","PCOM-A2","121",2,0.00104787644724068,3.77235521006644
"368","Porites compressa","PCOM-A2","1378",2,0.199287728261601,717.435821741765
"369","Porites compressa","PCOM-A2","315",2,0.0732533408838564,263.712027181883
"370","Porites compressa","PCOM-A2","34",2,-0.0284308501262227,-102.351060454402
"371","Porites compressa","PCOM-A2","492",2,0.125226496545437,450.815387563572
"372","Porites compressa","PCOM-A2","638",2,0.155100799510695,558.362878238504
"373","Porites compressa","PCOM-A2","948",2,0.191068938127686,687.848177259671
"374","Porites compressa","PCOM-B1","0",1,-0.0441372806510339,-158.894210343722
"375","Porites compressa","PCOM-B1","1048",1,0.0920825120924917,331.49704353297
"376","Porites compressa","PCOM-B1","1192",1,0.0855609929042322,308.019574455236
"377","Porites compressa","PCOM-B1","121",1,-0.00385945556926091,-13.8940400493393
"378","Porites compressa","PCOM-B1","1378",1,0.107236314101771,386.050730766376
"379","Porites compressa","PCOM-B1","1409",1,0.122399598484853,440.638554545471
"380","Porites compressa","PCOM-B1","315",1,0.0288132290487252,103.727624575411
"381","Porites compressa","PCOM-B1","34",1,-0.025965219061974,-93.4747886231064
"382","Porites compressa","PCOM-B1","492",1,0.0578474058859961,208.250661189586
"383","Porites compressa","PCOM-B1","638",1,0.0583721425908608,210.139713327099
"384","Porites compressa","PCOM-B1","948",1,0.0732920109280138,263.85123934085
"385","Porites compressa","PCOM-B2","0",2,-0.0260115542588248,-93.6415953317693
"386","Porites compressa","PCOM-B2","1048",2,0.193398665027067,696.23519409744
"387","Porites compressa","PCOM-B2","1192",2,0.206778279353158,744.401805671368
"388","Porites compressa","PCOM-B2","121",2,-0.00157694134436522,-5.6769888397148
"389","Porites compressa","PCOM-B2","1378",2,0.201022083037433,723.679498934758
"390","Porites compressa","PCOM-B2","315",2,0.0838683876460655,301.926195525836
"391","Porites compressa","PCOM-B2","34",2,-0.030103445230903,-108.372402831251
"392","Porites compressa","PCOM-B2","492",2,0.140946727449809,507.408218819313
"393","Porites compressa","PCOM-B2","638",2,0.1479201911912,532.51268828832
"394","Porites compressa","PCOM-B2","948",2,0.183021748597111,658.8782949496
"395","Porites compressa","PCOM-C1","0",1,-0.024467520522648,-88.0830738815327
"396","Porites compressa","PCOM-C1","1048",1,0.0906792567448975,326.445324281631
"397","Porites compressa","PCOM-C1","1192",1,0.0880706646385286,317.054392698703
"398","Porites compressa","PCOM-C1","121",1,0.0120478265708205,43.3721756549537
"399","Porites compressa","PCOM-C1","1378",1,0.0876454401233033,315.523584443892
"400","Porites compressa","PCOM-C1","1409",1,0.0931509539442015,335.343434199125
"401","Porites compressa","PCOM-C1","315",1,0.0446151289453388,160.61446420322
"402","Porites compressa","PCOM-C1","34",1,-0.0163242138135949,-58.7671697289416
"403","Porites compressa","PCOM-C1","492",1,0.0717002168528092,258.120780670113
"404","Porites compressa","PCOM-C1","638",1,0.0833008574815364,299.883086933531
"405","Porites compressa","PCOM-C1","948",1,0.0931459277358453,335.325339849043
"406","Porites compressa","PCOM-C2","0",2,-0.0286352673953105,-103.086962623118
"407","Porites compressa","PCOM-C2","1048",2,0.244440006810375,879.98402451735
"408","Porites compressa","PCOM-C2","1192",2,0.245784177841149,884.823040228138
"409","Porites compressa","PCOM-C2","121",2,0.0125436917976296,45.1572904714664
"410","Porites compressa","PCOM-C2","1378",2,0.219577067164413,790.477441791887
"411","Porites compressa","PCOM-C2","315",2,0.109614330580321,394.611590089154
"412","Porites compressa","PCOM-C2","34",2,-0.0270630908689142,-97.4271271280913
"413","Porites compressa","PCOM-C2","492",2,0.166223343110681,598.40403519845
"414","Porites compressa","PCOM-C2","638",2,0.20426879469331,735.367660895915
"415","Porites compressa","PCOM-C2","948",2,0.231105881486737,831.981173352254
"416","Porites compressa","PCOM-D1","0",4,-0.0426251664819311,-153.450599334952
"417","Porites compressa","PCOM-D1","1048",4,0.0613831918310567,220.979490591804
"418","Porites compressa","PCOM-D1","1192",4,0.0765661673503763,275.638202461355
"419","Porites compressa","PCOM-D1","121",4,0.028640796762485,103.106868344946
"420","Porites compressa","PCOM-D1","1378",4,0.0686809262216766,247.251334398036
"421","Porites compressa","PCOM-D1","315",4,0.0514942005970617,185.379122149422
"422","Porites compressa","PCOM-D1","34",4,-0.00366654536439817,-13.1995633118334
"423","Porites compressa","PCOM-D1","492",4,0.0606171882813805,218.22187781297
"424","Porites compressa","PCOM-D1","638",4,0.065065456234445,234.235642444002
"425","Porites compressa","PCOM-D1","948",4,0.0635015007026084,228.60540252939
"426","Porites compressa","PCOM-D2","0",2,0.00544132485197858,19.5887694671229
"427","Porites compressa","PCOM-D2","1048",2,0.135341449204243,487.229217135274
"428","Porites compressa","PCOM-D2","1192",2,0.130731918304247,470.634905895291
"429","Porites compressa","PCOM-D2","121",2,0.0161970753640734,58.3094713106642
"430","Porites compressa","PCOM-D2","1378",2,0.121707963142834,438.148667314201
"431","Porites compressa","PCOM-D2","315",2,0.0719983873890098,259.194194600435
"432","Porites compressa","PCOM-D2","34",2,-0.00890697688073122,-32.0651167706324
"433","Porites compressa","PCOM-D2","492",2,0.0945254313053277,340.29155269918
"434","Porites compressa","PCOM-D2","638",2,0.109117419624884,392.822710649581
"435","Porites compressa","PCOM-D2","948",2,0.130823664792826,470.965193254172
"436","Porites compressa","PCOM-E1","0",1,-0.0491510540065253,-176.943794423491
"437","Porites compressa","PCOM-E1","1048",1,0.130986580719952,471.551690591829
"438","Porites compressa","PCOM-E1","1192",1,0.129276156221018,465.394162395666
"439","Porites compressa","PCOM-E1","121",1,0.0416336337086089,149.881081350992
"440","Porites compressa","PCOM-E1","1378",1,0.123120790377133,443.234845357678
"441","Porites compressa","PCOM-E1","1409",1,0.123255222266519,443.71880015947
"442","Porites compressa","PCOM-E1","315",1,0.110599755772743,398.159120781873
"443","Porites compressa","PCOM-E1","34",1,-0.00947876601714601,-34.1235576617256
"444","Porites compressa","PCOM-E1","492",1,0.138120073139765,497.232263303153
"445","Porites compressa","PCOM-E1","638",1,0.147068075114486,529.445070412148
"446","Porites compressa","PCOM-E1","948",1,0.142482911235428,512.938480447542
"447","Porites compressa","PCOM-E2","0",2,0.00630397708281504,22.6943174981341
"448","Porites compressa","PCOM-E2","1048",2,0.131793628359238,474.457062093259
"449","Porites compressa","PCOM-E2","1192",2,0.131440605001276,473.186178004594
"450","Porites compressa","PCOM-E2","121",2,0.00722036602662661,25.9933176958558
"451","Porites compressa","PCOM-E2","1378",2,0.136362155687013,490.903760473245
"452","Porites compressa","PCOM-E2","315",2,0.0574804675895105,206.929683322238
"453","Porites compressa","PCOM-E2","34",2,-0.0110961348375903,-39.9460854153251
"454","Porites compressa","PCOM-E2","492",2,0.0845206324337028,304.27427676133
"455","Porites compressa","PCOM-E2","638",2,0.107303849144481,386.293856920133
"456","Porites compressa","PCOM-E2","948",2,0.127272038888989,458.179340000361
"457","Porites compressa","PCOM-F1","0",4,-0.016363854869568,-58.9098775304448
"458","Porites compressa","PCOM-F1","1048",4,0.0442629965523496,159.346787588459
"459","Porites compressa","PCOM-F1","1192",4,0.0416926432481528,150.09351569335
"460","Porites compressa","PCOM-F1","121",4,0.029707524006721,106.947086424196
"461","Porites compressa","PCOM-F1","1378",4,0.0378857279885418,136.388620758751
"462","Porites compressa","PCOM-F1","315",4,0.0494286999994102,177.943319997877
"463","Porites compressa","PCOM-F1","34",4,0.000979394029541216,3.52581850634838
"464","Porites compressa","PCOM-F1","492",4,0.0550891458082612,198.32092490974
"465","Porites compressa","PCOM-F1","638",4,0.0469062272512318,168.862418104435
"466","Porites compressa","PCOM-F1","948",4,0.0476203289063314,171.433184062793
"467","Porites compressa","PCOM-F2","0",3,-0.128885117631694,-463.986423474099
"468","Porites compressa","PCOM-F2","1048",3,0.117456919700713,422.844910922566
"469","Porites compressa","PCOM-F2","1192",3,0.120840516005399,435.025857619435
"470","Porites compressa","PCOM-F2","121",3,-0.0295862753653188,-106.510591315148
"471","Porites compressa","PCOM-F2","1378",3,0.0874499163707659,314.819698934757
"472","Porites compressa","PCOM-F2","315",3,0.0452460897217683,162.885922998366
"473","Porites compressa","PCOM-F2","34",3,-0.0792696488367618,-285.370735812342
"474","Porites compressa","PCOM-F2","492",3,0.0914501351049372,329.220486377774
"475","Porites compressa","PCOM-F2","638",3,0.100888359897169,363.198095629809
"476","Porites compressa","PCOM-F2","948",3,0.126101772952112,453.966382627603
"477","Porites compressa","PCOM-G1","0",1,-0.0392104184326313,-141.157506357473
"478","Porites compressa","PCOM-G1","1048",1,0.113386876418865,408.192755107915
"479","Porites compressa","PCOM-G1","1192",1,0.121527161697034,437.497782109322
"480","Porites compressa","PCOM-G1","121",1,0.0163836709338674,58.9812153619228
"481","Porites compressa","PCOM-G1","1378",1,0.121738083900605,438.257102042177
"482","Porites compressa","PCOM-G1","1409",1,0.11721571177461,421.976562388595
"483","Porites compressa","PCOM-G1","315",1,0.0570401577614625,205.344567941265
"484","Porites compressa","PCOM-G1","34",1,-0.0223686697134774,-80.5272109685188
"485","Porites compressa","PCOM-G1","492",1,0.0974324233416644,350.756724029992
"486","Porites compressa","PCOM-G1","638",1,0.100421804731723,361.518497034204
"487","Porites compressa","PCOM-G1","948",1,0.108737892601891,391.456413366807
"488","Porites compressa","PCOM-G2","0",2,-0.0243467016695436,-87.6481260103568
"489","Porites compressa","PCOM-G2","1048",2,0.186839602664306,672.622569591501
"490","Porites compressa","PCOM-G2","1192",2,0.181260330888097,652.537191197151
"491","Porites compressa","PCOM-G2","121",2,-0.00497281761097229,-17.9021433995002
"492","Porites compressa","PCOM-G2","1378",2,0.192065022431377,691.434080752958
"493","Porites compressa","PCOM-G2","315",2,0.0603036297373045,217.093067054296
"494","Porites compressa","PCOM-G2","34",2,-0.0271654445241991,-97.7956002871166
"495","Porites compressa","PCOM-G2","492",2,0.109790199004812,395.244716417323
"496","Porites compressa","PCOM-G2","638",2,0.140950300608632,507.421082191077
"497","Porites compressa","PCOM-G2","948",2,0.171619801810591,617.831286518127
"498","Porites compressa","PCOM-H1","0",1,-0.0172178050480462,-61.9840981729664
"499","Porites compressa","PCOM-H1","1048",1,0.0718085312460062,258.510712485622
"500","Porites compressa","PCOM-H1","1192",1,0.073855501672462,265.879806020863
"501","Porites compressa","PCOM-H1","121",1,0.00405828767514681,14.6098356305285
"502","Porites compressa","PCOM-H1","1378",1,0.0704413224617021,253.588760862128
"503","Porites compressa","PCOM-H1","1409",1,0.0766626566859046,275.985564069257
"504","Porites compressa","PCOM-H1","315",1,0.0348663157053411,125.518736539228
"505","Porites compressa","PCOM-H1","34",1,-0.0111027158932158,-39.9697772155769
"506","Porites compressa","PCOM-H1","492",1,0.0512606654400641,184.538395584231
"507","Porites compressa","PCOM-H1","638",1,0.0610434656992013,219.756476517125
"508","Porites compressa","PCOM-H1","948",1,0.0748237368858096,269.365452788915
"509","Porites compressa","PCOM-H2","0",3,-0.0554077771554874,-199.467997759755
"510","Porites compressa","PCOM-H2","1048",3,0.112359969126967,404.495888857082
"511","Porites compressa","PCOM-H2","1192",3,0.108156236676807,389.362452036505
"512","Porites compressa","PCOM-H2","121",3,-0.0142827286401448,-51.4178231045212
"513","Porites compressa","PCOM-H2","1378",3,0.106967928484384,385.084542543784
"514","Porites compressa","PCOM-H2","315",3,0.0361335922192666,130.08093198936
"515","Porites compressa","PCOM-H2","34",3,-0.0385779817364428,-138.880734251194
"516","Porites compressa","PCOM-H2","492",3,0.0648177914585844,233.344049250904
"517","Porites compressa","PCOM-H2","638",3,0.0861855960082804,310.268145629809
"518","Porites compressa","PCOM-H2","948",3,0.104707277605487,376.946199379755
